<data><slider tutar="1000"><dropdown vade="3" faiz="1,20"><result taksit="342,98" toplam="1.028,94"/></dropdown><dropdown vade="6" faiz="1,20"><result taksit="175,17" toplam="1.051,02"/></dropdown><dropdown vade="9" faiz="1,20"><result taksit="119,26" toplam="1.073,34"/></dropdown><dropdown vade="12" faiz="1,20"><result taksit="91,34" toplam="1.096,08"/></dropdown><dropdown vade="18" faiz="1,20"><result taksit="63,46" toplam="1.142,28"/></dropdown><dropdown vade="24" faiz="1,20"><result taksit="49,58" toplam="1.189,92"/></dropdown><dropdown vade="30" faiz="1,20"><result taksit="41,29" toplam="1.238,70"/></dropdown><dropdown vade="36" faiz="1,20"><result taksit="35,79" toplam="1.288,44"/></dropdown></slider><slider tutar="1500"><dropdown vade="3" faiz="1,20"><result taksit="514,47" toplam="1.543,41"/></dropdown><dropdown vade="6" faiz="1,20"><result taksit="262,75" toplam="1.576,50"/></dropdown><dropdown vade="9" faiz="1,20"><result taksit="178,90" toplam="1.610,10"/></dropdown><dropdown vade="12" faiz="1,20"><result taksit="137,01" toplam="1.644,12"/></dropdown><dropdown vade="18" faiz="1,20"><result taksit="95,19" toplam="1.713,42"/></dropdown><dropdown vade="24" faiz="1,20"><result taksit="74,37" toplam="1.784,88"/></dropdown><dropdown vade="30" faiz="1,20"><result taksit="61,93" toplam="1.857,90"/></dropdown><dropdown vade="36" faiz="1,20"><result taksit="53,69" toplam="1.932,84"/></dropdown></slider><slider tutar="2000"><dropdown vade="3" faiz="1,20"><result taksit="685,96" toplam="2.057,88"/></dropdown><dropdown vade="6" faiz="1,20"><result taksit="350,33" toplam="2.101,98"/></dropdown><dropdown vade="9" faiz="1,20"><result taksit="238,53" toplam="2.146,77"/></dropdown><dropdown vade="12" faiz="1,20"><result taksit="182,68" toplam="2.192,16"/></dropdown><dropdown vade="18" faiz="1,20"><result taksit="126,93" toplam="2.284,74"/></dropdown><dropdown vade="24" faiz="1,20"><result taksit="99,15" toplam="2.379,60"/></dropdown><dropdown vade="30" faiz="1,20"><result taksit="82,57" toplam="2.477,10"/></dropdown><dropdown vade="36" faiz="1,20"><result taksit="71,58" toplam="2.576,88"/></dropdown></slider><slider tutar="2500"><dropdown vade="3" faiz="1,20"><result taksit="857,45" toplam="2.572,35"/></dropdown><dropdown vade="6" faiz="1,20"><result taksit="437,92" toplam="2.627,52"/></dropdown><dropdown vade="9" faiz="1,20"><result taksit="298,16" toplam="2.683,44"/></dropdown><dropdown vade="12" faiz="1,20"><result taksit="228,34" toplam="2.740,08"/></dropdown><dropdown vade="18" faiz="1,20"><result taksit="158,66" toplam="2.855,88"/></dropdown><dropdown vade="24" faiz="1,20"><result taksit="123,94" toplam="2.974,56"/></dropdown><dropdown vade="30" faiz="1,20"><result taksit="103,21" toplam="3.096,30"/></dropdown><dropdown vade="36" faiz="1,20"><result taksit="89,48" toplam="3.221,28"/></dropdown></slider><slider tutar="3000"><dropdown vade="3" faiz="1,20"><result taksit="1.028,94" toplam="3.086,82"/></dropdown><dropdown vade="6" faiz="1,20"><result taksit="525,50" toplam="3.153,00"/></dropdown><dropdown vade="9" faiz="1,20"><result taksit="357,79" toplam="3.220,11"/></dropdown><dropdown vade="12" faiz="1,20"><result taksit="274,01" toplam="3.288,12"/></dropdown><dropdown vade="18" faiz="1,20"><result taksit="190,39" toplam="3.427,02"/></dropdown><dropdown vade="24" faiz="1,20"><result taksit="148,73" toplam="3.569,52"/></dropdown><dropdown vade="30" faiz="1,20"><result taksit="123,86" toplam="3.715,80"/></dropdown><dropdown vade="36" faiz="1,20"><result taksit="107,38" toplam="3.865,68"/></dropdown></slider><slider tutar="3500"><dropdown vade="3" faiz="1,20"><result taksit="1.200,43" toplam="3.601,29"/></dropdown><dropdown vade="6" faiz="1,20"><result taksit="613,08" toplam="3.678,48"/></dropdown><dropdown vade="9" faiz="1,20"><result taksit="417,42" toplam="3.756,78"/></dropdown><dropdown vade="12" faiz="1,20"><result taksit="319,68" toplam="3.836,16"/></dropdown><dropdown vade="18" faiz="1,20"><result taksit="222,12" toplam="3.998,16"/></dropdown><dropdown vade="24" faiz="1,20"><result taksit="173,52" toplam="4.164,48"/></dropdown><dropdown vade="30" faiz="1,20"><result taksit="144,50" toplam="4.335,00"/></dropdown><dropdown vade="36" faiz="1,20"><result taksit="125,27" toplam="4.509,72"/></dropdown></slider><slider tutar="4000"><dropdown vade="3" faiz="1,20"><result taksit="1.371,92" toplam="4.115,76"/></dropdown><dropdown vade="6" faiz="1,20"><result taksit="700,67" toplam="4.204,02"/></dropdown><dropdown vade="9" faiz="1,20"><result taksit="477,05" toplam="4.293,45"/></dropdown><dropdown vade="12" faiz="1,20"><result taksit="365,35" toplam="4.384,20"/></dropdown><dropdown vade="18" faiz="1,20"><result taksit="253,85" toplam="4.569,30"/></dropdown><dropdown vade="24" faiz="1,20"><result taksit="198,31" toplam="4.759,44"/></dropdown><dropdown vade="30" faiz="1,20"><result taksit="165,14" toplam="4.954,20"/></dropdown><dropdown vade="36" faiz="1,20"><result taksit="143,17" toplam="5.154,12"/></dropdown></slider><slider tutar="4500"><dropdown vade="3" faiz="1,20"><result taksit="1.543,41" toplam="4.630,23"/></dropdown><dropdown vade="6" faiz="1,20"><result taksit="788,25" toplam="4.729,50"/></dropdown><dropdown vade="9" faiz="1,20"><result taksit="536,69" toplam="4.830,21"/></dropdown><dropdown vade="12" faiz="1,20"><result taksit="411,02" toplam="4.932,24"/></dropdown><dropdown vade="18" faiz="1,20"><result taksit="285,58" toplam="5.140,44"/></dropdown><dropdown vade="24" faiz="1,20"><result taksit="223,10" toplam="5.354,40"/></dropdown><dropdown vade="30" faiz="1,20"><result taksit="185,79" toplam="5.573,70"/></dropdown><dropdown vade="36" faiz="1,20"><result taksit="161,07" toplam="5.798,52"/></dropdown></slider><slider tutar="5000"><dropdown vade="3" faiz="1,20"><result taksit="1.714,90" toplam="5.144,70"/></dropdown><dropdown vade="6" faiz="1,20"><result taksit="875,83" toplam="5.254,98"/></dropdown><dropdown vade="9" faiz="1,20"><result taksit="596,32" toplam="5.366,88"/></dropdown><dropdown vade="12" faiz="1,20"><result taksit="456,69" toplam="5.480,28"/></dropdown><dropdown vade="18" faiz="1,20"><result taksit="317,32" toplam="5.711,76"/></dropdown><dropdown vade="24" faiz="1,20"><result taksit="247,88" toplam="5.949,12"/></dropdown><dropdown vade="30" faiz="1,20"><result taksit="206,43" toplam="6.192,90"/></dropdown><dropdown vade="36" faiz="1,20"><result taksit="178,96" toplam="6.442,56"/></dropdown></slider><slider tutar="5500"><dropdown vade="3" faiz="1,20"><result taksit="1.886,38" toplam="5.659,14"/></dropdown><dropdown vade="6" faiz="1,20"><result taksit="963,42" toplam="5.780,52"/></dropdown><dropdown vade="9" faiz="1,20"><result taksit="655,95" toplam="5.903,55"/></dropdown><dropdown vade="12" faiz="1,20"><result taksit="502,36" toplam="6.028,32"/></dropdown><dropdown vade="18" faiz="1,20"><result taksit="349,05" toplam="6.282,90"/></dropdown><dropdown vade="24" faiz="1,20"><result taksit="272,67" toplam="6.544,08"/></dropdown><dropdown vade="30" faiz="1,20"><result taksit="227,07" toplam="6.812,10"/></dropdown><dropdown vade="36" faiz="1,20"><result taksit="196,86" toplam="7.086,96"/></dropdown></slider><slider tutar="6000"><dropdown vade="3" faiz="1,20"><result taksit="2.057,87" toplam="6.173,61"/></dropdown><dropdown vade="6" faiz="1,20"><result taksit="1.051,00" toplam="6.306,00"/></dropdown><dropdown vade="9" faiz="1,20"><result taksit="715,58" toplam="6.440,22"/></dropdown><dropdown vade="12" faiz="1,20"><result taksit="548,03" toplam="6.576,36"/></dropdown><dropdown vade="18" faiz="1,20"><result taksit="380,78" toplam="6.854,04"/></dropdown><dropdown vade="24" faiz="1,20"><result taksit="297,46" toplam="7.139,04"/></dropdown><dropdown vade="30" faiz="1,20"><result taksit="247,72" toplam="7.431,60"/></dropdown><dropdown vade="36" faiz="1,20"><result taksit="214,75" toplam="7.731,00"/></dropdown></slider><slider tutar="6500"><dropdown vade="3" faiz="1,20"><result taksit="2.229,36" toplam="6.688,08"/></dropdown><dropdown vade="6" faiz="1,20"><result taksit="1.138,58" toplam="6.831,48"/></dropdown><dropdown vade="9" faiz="1,20"><result taksit="775,21" toplam="6.976,89"/></dropdown><dropdown vade="12" faiz="1,20"><result taksit="593,69" toplam="7.124,28"/></dropdown><dropdown vade="18" faiz="1,20"><result taksit="412,51" toplam="7.425,18"/></dropdown><dropdown vade="24" faiz="1,20"><result taksit="322,25" toplam="7.734,00"/></dropdown><dropdown vade="30" faiz="1,20"><result taksit="268,36" toplam="8.050,80"/></dropdown><dropdown vade="36" faiz="1,20"><result taksit="232,65" toplam="8.375,40"/></dropdown></slider><slider tutar="7000"><dropdown vade="3" faiz="1,20"><result taksit="2.400,85" toplam="7.202,55"/></dropdown><dropdown vade="6" faiz="1,20"><result taksit="1.226,17" toplam="7.357,02"/></dropdown><dropdown vade="9" faiz="1,20"><result taksit="834,85" toplam="7.513,65"/></dropdown><dropdown vade="12" faiz="1,20"><result taksit="639,36" toplam="7.672,32"/></dropdown><dropdown vade="18" faiz="1,20"><result taksit="444,24" toplam="7.996,32"/></dropdown><dropdown vade="24" faiz="1,20"><result taksit="347,04" toplam="8.328,96"/></dropdown><dropdown vade="30" faiz="1,20"><result taksit="289,00" toplam="8.670,00"/></dropdown><dropdown vade="36" faiz="1,20"><result taksit="250,55" toplam="9.019,80"/></dropdown></slider><slider tutar="7500"><dropdown vade="3" faiz="1,20"><result taksit="2.572,34" toplam="7.717,02"/></dropdown><dropdown vade="6" faiz="1,20"><result taksit="1.313,75" toplam="7.882,50"/></dropdown><dropdown vade="9" faiz="1,20"><result taksit="894,48" toplam="8.050,32"/></dropdown><dropdown vade="12" faiz="1,20"><result taksit="685,03" toplam="8.220,36"/></dropdown><dropdown vade="18" faiz="1,20"><result taksit="475,97" toplam="8.567,46"/></dropdown><dropdown vade="24" faiz="1,20"><result taksit="371,83" toplam="8.923,92"/></dropdown><dropdown vade="30" faiz="1,20"><result taksit="309,64" toplam="9.289,20"/></dropdown><dropdown vade="36" faiz="1,20"><result taksit="268,44" toplam="9.663,84"/></dropdown></slider><slider tutar="8000"><dropdown vade="3" faiz="1,20"><result taksit="2.743,83" toplam="8.231,49"/></dropdown><dropdown vade="6" faiz="1,20"><result taksit="1.401,33" toplam="8.407,98"/></dropdown><dropdown vade="9" faiz="1,20"><result taksit="954,11" toplam="8.586,99"/></dropdown><dropdown vade="12" faiz="1,20"><result taksit="730,70" toplam="8.768,40"/></dropdown><dropdown vade="18" faiz="1,20"><result taksit="507,70" toplam="9.138,60"/></dropdown><dropdown vade="24" faiz="1,20"><result taksit="396,62" toplam="9.518,88"/></dropdown><dropdown vade="30" faiz="1,20"><result taksit="330,29" toplam="9.908,70"/></dropdown><dropdown vade="36" faiz="1,20"><result taksit="286,34" toplam="10.308,24"/></dropdown></slider><slider tutar="8500"><dropdown vade="3" faiz="1,20"><result taksit="2.915,32" toplam="8.745,96"/></dropdown><dropdown vade="6" faiz="1,20"><result taksit="1.488,92" toplam="8.933,52"/></dropdown><dropdown vade="9" faiz="1,20"><result taksit="1.013,74" toplam="9.123,66"/></dropdown><dropdown vade="12" faiz="1,20"><result taksit="776,37" toplam="9.316,44"/></dropdown><dropdown vade="18" faiz="1,20"><result taksit="539,44" toplam="9.709,92"/></dropdown><dropdown vade="24" faiz="1,20"><result taksit="421,40" toplam="10.113,60"/></dropdown><dropdown vade="30" faiz="1,20"><result taksit="350,93" toplam="10.527,90"/></dropdown><dropdown vade="36" faiz="1,20"><result taksit="304,23" toplam="10.952,28"/></dropdown></slider><slider tutar="9000"><dropdown vade="3" faiz="1,20"><result taksit="3.086,81" toplam="9.260,43"/></dropdown><dropdown vade="6" faiz="1,20"><result taksit="1.576,50" toplam="9.459,00"/></dropdown><dropdown vade="9" faiz="1,20"><result taksit="1.073,37" toplam="9.660,33"/></dropdown><dropdown vade="12" faiz="1,20"><result taksit="822,04" toplam="9.864,48"/></dropdown><dropdown vade="18" faiz="1,20"><result taksit="571,17" toplam="10.281,06"/></dropdown><dropdown vade="24" faiz="1,20"><result taksit="446,19" toplam="10.708,56"/></dropdown><dropdown vade="30" faiz="1,20"><result taksit="371,57" toplam="11.147,10"/></dropdown><dropdown vade="36" faiz="1,20"><result taksit="322,13" toplam="11.596,68"/></dropdown></slider><slider tutar="9500"><dropdown vade="3" faiz="1,20"><result taksit="3.258,30" toplam="9.774,90"/></dropdown><dropdown vade="6" faiz="1,20"><result taksit="1.664,08" toplam="9.984,48"/></dropdown><dropdown vade="9" faiz="1,20"><result taksit="1.133,00" toplam="10.197,00"/></dropdown><dropdown vade="12" faiz="1,20"><result taksit="867,71" toplam="10.412,52"/></dropdown><dropdown vade="18" faiz="1,20"><result taksit="602,90" toplam="10.852,20"/></dropdown><dropdown vade="24" faiz="1,20"><result taksit="470,98" toplam="11.303,52"/></dropdown><dropdown vade="30" faiz="1,20"><result taksit="392,22" toplam="11.766,60"/></dropdown><dropdown vade="36" faiz="1,20"><result taksit="340,03" toplam="12.241,08"/></dropdown></slider><slider tutar="10000"><dropdown vade="3" faiz="1,20"><result taksit="3.429,79" toplam="10.289,37"/></dropdown><dropdown vade="6" faiz="1,20"><result taksit="1.751,67" toplam="10.510,02"/></dropdown><dropdown vade="9" faiz="1,20"><result taksit="1.192,64" toplam="10.733,76"/></dropdown><dropdown vade="12" faiz="1,20"><result taksit="913,38" toplam="10.960,56"/></dropdown><dropdown vade="18" faiz="1,20"><result taksit="634,63" toplam="11.423,34"/></dropdown><dropdown vade="24" faiz="1,20"><result taksit="495,77" toplam="11.898,48"/></dropdown><dropdown vade="30" faiz="1,20"><result taksit="412,86" toplam="12.385,80"/></dropdown><dropdown vade="36" faiz="1,20"><result taksit="357,92" toplam="12.885,12"/></dropdown></slider><slider tutar="10500"><dropdown vade="3" faiz="1,20"><result taksit="3.601,28" toplam="10.803,84"/></dropdown><dropdown vade="6" faiz="1,20"><result taksit="1.839,25" toplam="11.035,50"/></dropdown><dropdown vade="9" faiz="1,20"><result taksit="1.252,27" toplam="11.270,43"/></dropdown><dropdown vade="12" faiz="1,20"><result taksit="959,05" toplam="11.508,60"/></dropdown><dropdown vade="18" faiz="1,20"><result taksit="666,36" toplam="11.994,48"/></dropdown><dropdown vade="24" faiz="1,20"><result taksit="520,56" toplam="12.493,44"/></dropdown><dropdown vade="30" faiz="1,20"><result taksit="433,50" toplam="13.005,00"/></dropdown><dropdown vade="36" faiz="1,20"><result taksit="375,82" toplam="13.529,52"/></dropdown></slider><slider tutar="11000"><dropdown vade="3" faiz="1,20"><result taksit="3.772,77" toplam="11.318,31"/></dropdown><dropdown vade="6" faiz="1,20"><result taksit="1.926,83" toplam="11.560,98"/></dropdown><dropdown vade="9" faiz="1,20"><result taksit="1.311,90" toplam="11.807,10"/></dropdown><dropdown vade="12" faiz="1,20"><result taksit="1.004,71" toplam="12.056,52"/></dropdown><dropdown vade="18" faiz="1,20"><result taksit="698,09" toplam="12.565,62"/></dropdown><dropdown vade="24" faiz="1,20"><result taksit="545,35" toplam="13.088,40"/></dropdown><dropdown vade="30" faiz="1,20"><result taksit="454,14" toplam="13.624,20"/></dropdown><dropdown vade="36" faiz="1,20"><result taksit="393,71" toplam="14.173,56"/></dropdown></slider><slider tutar="11500"><dropdown vade="3" faiz="1,20"><result taksit="3.944,26" toplam="11.832,78"/></dropdown><dropdown vade="6" faiz="1,20"><result taksit="2.014,42" toplam="12.086,52"/></dropdown><dropdown vade="9" faiz="1,20"><result taksit="1.371,53" toplam="12.343,77"/></dropdown><dropdown vade="12" faiz="1,20"><result taksit="1.050,38" toplam="12.604,56"/></dropdown><dropdown vade="18" faiz="1,20"><result taksit="729,83" toplam="13.136,94"/></dropdown><dropdown vade="24" faiz="1,20"><result taksit="570,13" toplam="13.683,12"/></dropdown><dropdown vade="30" faiz="1,20"><result taksit="474,79" toplam="14.243,70"/></dropdown><dropdown vade="36" faiz="1,20"><result taksit="411,61" toplam="14.817,96"/></dropdown></slider><slider tutar="12000"><dropdown vade="3" faiz="1,20"><result taksit="4.115,75" toplam="12.347,25"/></dropdown><dropdown vade="6" faiz="1,20"><result taksit="2.102,00" toplam="12.612,00"/></dropdown><dropdown vade="9" faiz="1,20"><result taksit="1.431,16" toplam="12.880,44"/></dropdown><dropdown vade="12" faiz="1,20"><result taksit="1.096,05" toplam="13.152,60"/></dropdown><dropdown vade="18" faiz="1,20"><result taksit="761,56" toplam="13.708,08"/></dropdown><dropdown vade="24" faiz="1,20"><result taksit="594,92" toplam="14.278,08"/></dropdown><dropdown vade="30" faiz="1,20"><result taksit="495,43" toplam="14.862,90"/></dropdown><dropdown vade="36" faiz="1,20"><result taksit="429,51" toplam="15.462,36"/></dropdown></slider><slider tutar="12500"><dropdown vade="3" faiz="1,20"><result taksit="4.287,24" toplam="12.861,72"/></dropdown><dropdown vade="6" faiz="1,20"><result taksit="2.189,58" toplam="13.137,48"/></dropdown><dropdown vade="9" faiz="1,20"><result taksit="1.490,79" toplam="13.417,11"/></dropdown><dropdown vade="12" faiz="1,20"><result taksit="1.141,72" toplam="13.700,64"/></dropdown><dropdown vade="18" faiz="1,20"><result taksit="793,29" toplam="14.279,22"/></dropdown><dropdown vade="24" faiz="1,20"><result taksit="619,71" toplam="14.873,04"/></dropdown><dropdown vade="30" faiz="1,20"><result taksit="516,07" toplam="15.482,10"/></dropdown><dropdown vade="36" faiz="1,20"><result taksit="447,40" toplam="16.106,40"/></dropdown></slider><slider tutar="13000"><dropdown vade="3" faiz="1,20"><result taksit="4.458,73" toplam="13.376,19"/></dropdown><dropdown vade="6" faiz="1,20"><result taksit="2.277,17" toplam="13.663,02"/></dropdown><dropdown vade="9" faiz="1,20"><result taksit="1.550,43" toplam="13.953,87"/></dropdown><dropdown vade="12" faiz="1,20"><result taksit="1.187,39" toplam="14.248,68"/></dropdown><dropdown vade="18" faiz="1,20"><result taksit="825,02" toplam="14.850,36"/></dropdown><dropdown vade="24" faiz="1,20"><result taksit="644,50" toplam="15.468,00"/></dropdown><dropdown vade="30" faiz="1,20"><result taksit="536,72" toplam="16.101,60"/></dropdown><dropdown vade="36" faiz="1,20"><result taksit="465,30" toplam="16.750,80"/></dropdown></slider><slider tutar="13500"><dropdown vade="3" faiz="1,20"><result taksit="4.630,22" toplam="13.890,66"/></dropdown><dropdown vade="6" faiz="1,20"><result taksit="2.364,75" toplam="14.188,50"/></dropdown><dropdown vade="9" faiz="1,20"><result taksit="1.610,06" toplam="14.490,54"/></dropdown><dropdown vade="12" faiz="1,20"><result taksit="1.233,06" toplam="14.796,72"/></dropdown><dropdown vade="18" faiz="1,20"><result taksit="856,75" toplam="15.421,50"/></dropdown><dropdown vade="24" faiz="1,20"><result taksit="669,29" toplam="16.062,96"/></dropdown><dropdown vade="30" faiz="1,20"><result taksit="557,36" toplam="16.720,80"/></dropdown><dropdown vade="36" faiz="1,20"><result taksit="483,20" toplam="17.395,20"/></dropdown></slider><slider tutar="14000"><dropdown vade="3" faiz="1,20"><result taksit="4.801,71" toplam="14.405,13"/></dropdown><dropdown vade="6" faiz="1,20"><result taksit="2.452,33" toplam="14.713,98"/></dropdown><dropdown vade="9" faiz="1,20"><result taksit="1.669,69" toplam="15.027,21"/></dropdown><dropdown vade="12" faiz="1,20"><result taksit="1.278,73" toplam="15.344,76"/></dropdown><dropdown vade="18" faiz="1,20"><result taksit="888,48" toplam="15.992,64"/></dropdown><dropdown vade="24" faiz="1,20"><result taksit="694,08" toplam="16.657,92"/></dropdown><dropdown vade="30" faiz="1,20"><result taksit="578,00" toplam="17.340,00"/></dropdown><dropdown vade="36" faiz="1,20"><result taksit="501,09" toplam="18.039,24"/></dropdown></slider><slider tutar="14500"><dropdown vade="3" faiz="1,20"><result taksit="4.973,20" toplam="14.919,60"/></dropdown><dropdown vade="6" faiz="1,20"><result taksit="2.539,92" toplam="15.239,52"/></dropdown><dropdown vade="9" faiz="1,20"><result taksit="1.729,32" toplam="15.563,88"/></dropdown><dropdown vade="12" faiz="1,20"><result taksit="1.324,40" toplam="15.892,80"/></dropdown><dropdown vade="18" faiz="1,20"><result taksit="920,21" toplam="16.563,78"/></dropdown><dropdown vade="24" faiz="1,20"><result taksit="718,87" toplam="17.252,88"/></dropdown><dropdown vade="30" faiz="1,20"><result taksit="598,65" toplam="17.959,50"/></dropdown><dropdown vade="36" faiz="1,20"><result taksit="518,99" toplam="18.683,64"/></dropdown></slider><slider tutar="15000"><dropdown vade="3" faiz="1,20"><result taksit="5.144,69" toplam="15.434,07"/></dropdown><dropdown vade="6" faiz="1,20"><result taksit="2.627,50" toplam="15.765,00"/></dropdown><dropdown vade="9" faiz="1,20"><result taksit="1.788,95" toplam="16.100,55"/></dropdown><dropdown vade="12" faiz="1,20"><result taksit="1.370,07" toplam="16.440,84"/></dropdown><dropdown vade="18" faiz="1,20"><result taksit="951,95" toplam="17.135,10"/></dropdown><dropdown vade="24" faiz="1,20"><result taksit="743,65" toplam="17.847,60"/></dropdown><dropdown vade="30" faiz="1,20"><result taksit="619,29" toplam="18.578,70"/></dropdown><dropdown vade="36" faiz="1,20"><result taksit="536,88" toplam="19.327,68"/></dropdown></slider><slider tutar="15500"><dropdown vade="3" faiz="1,20"><result taksit="5.316,18" toplam="15.948,54"/></dropdown><dropdown vade="6" faiz="1,20"><result taksit="2.715,08" toplam="16.290,48"/></dropdown><dropdown vade="9" faiz="1,20"><result taksit="1.848,59" toplam="16.637,31"/></dropdown><dropdown vade="12" faiz="1,20"><result taksit="1.415,73" toplam="16.988,76"/></dropdown><dropdown vade="18" faiz="1,20"><result taksit="983,68" toplam="17.706,24"/></dropdown><dropdown vade="24" faiz="1,20"><result taksit="768,44" toplam="18.442,56"/></dropdown><dropdown vade="30" faiz="1,20"><result taksit="639,93" toplam="19.197,90"/></dropdown><dropdown vade="36" faiz="1,20"><result taksit="554,78" toplam="19.972,08"/></dropdown></slider><slider tutar="16000"><dropdown vade="3" faiz="1,20"><result taksit="5.487,67" toplam="16.463,01"/></dropdown><dropdown vade="6" faiz="1,20"><result taksit="2.802,67" toplam="16.816,02"/></dropdown><dropdown vade="9" faiz="1,20"><result taksit="1.908,22" toplam="17.173,98"/></dropdown><dropdown vade="12" faiz="1,20"><result taksit="1.461,40" toplam="17.536,80"/></dropdown><dropdown vade="18" faiz="1,20"><result taksit="1.015,41" toplam="18.277,38"/></dropdown><dropdown vade="24" faiz="1,20"><result taksit="793,23" toplam="19.037,52"/></dropdown><dropdown vade="30" faiz="1,20"><result taksit="660,57" toplam="19.817,10"/></dropdown><dropdown vade="36" faiz="1,20"><result taksit="572,68" toplam="20.616,48"/></dropdown></slider><slider tutar="16500"><dropdown vade="3" faiz="1,20"><result taksit="5.659,15" toplam="16.977,45"/></dropdown><dropdown vade="6" faiz="1,20"><result taksit="2.890,25" toplam="17.341,50"/></dropdown><dropdown vade="9" faiz="1,20"><result taksit="1.967,85" toplam="17.710,65"/></dropdown><dropdown vade="12" faiz="1,20"><result taksit="1.507,07" toplam="18.084,84"/></dropdown><dropdown vade="18" faiz="1,20"><result taksit="1.047,14" toplam="18.848,52"/></dropdown><dropdown vade="24" faiz="1,20"><result taksit="818,02" toplam="19.632,48"/></dropdown><dropdown vade="30" faiz="1,20"><result taksit="681,22" toplam="20.436,60"/></dropdown><dropdown vade="36" faiz="1,20"><result taksit="590,57" toplam="21.260,52"/></dropdown></slider><slider tutar="17000"><dropdown vade="3" faiz="1,20"><result taksit="5.830,64" toplam="17.491,92"/></dropdown><dropdown vade="6" faiz="1,20"><result taksit="2.977,83" toplam="17.866,98"/></dropdown><dropdown vade="9" faiz="1,20"><result taksit="2.027,48" toplam="18.247,32"/></dropdown><dropdown vade="12" faiz="1,20"><result taksit="1.552,74" toplam="18.632,88"/></dropdown><dropdown vade="18" faiz="1,20"><result taksit="1.078,87" toplam="19.419,66"/></dropdown><dropdown vade="24" faiz="1,20"><result taksit="842,81" toplam="20.227,44"/></dropdown><dropdown vade="30" faiz="1,20"><result taksit="701,86" toplam="21.055,80"/></dropdown><dropdown vade="36" faiz="1,20"><result taksit="608,47" toplam="21.904,92"/></dropdown></slider><slider tutar="17500"><dropdown vade="3" faiz="1,20"><result taksit="6.002,13" toplam="18.006,39"/></dropdown><dropdown vade="6" faiz="1,20"><result taksit="3.065,42" toplam="18.392,52"/></dropdown><dropdown vade="9" faiz="1,20"><result taksit="2.087,11" toplam="18.783,99"/></dropdown><dropdown vade="12" faiz="1,20"><result taksit="1.598,41" toplam="19.180,92"/></dropdown><dropdown vade="18" faiz="1,20"><result taksit="1.110,60" toplam="19.990,80"/></dropdown><dropdown vade="24" faiz="1,20"><result taksit="867,60" toplam="20.822,40"/></dropdown><dropdown vade="30" faiz="1,20"><result taksit="722,50" toplam="21.675,00"/></dropdown><dropdown vade="36" faiz="1,20"><result taksit="626,36" toplam="22.548,96"/></dropdown></slider><slider tutar="18000"><dropdown vade="3" faiz="1,20"><result taksit="6.173,62" toplam="18.520,86"/></dropdown><dropdown vade="6" faiz="1,20"><result taksit="3.153,00" toplam="18.918,00"/></dropdown><dropdown vade="9" faiz="1,20"><result taksit="2.146,74" toplam="19.320,66"/></dropdown><dropdown vade="12" faiz="1,20"><result taksit="1.644,08" toplam="19.728,96"/></dropdown><dropdown vade="18" faiz="1,20"><result taksit="1.142,34" toplam="20.562,12"/></dropdown><dropdown vade="24" faiz="1,20"><result taksit="892,38" toplam="21.417,12"/></dropdown><dropdown vade="30" faiz="1,20"><result taksit="743,15" toplam="22.294,50"/></dropdown><dropdown vade="36" faiz="1,20"><result taksit="644,26" toplam="23.193,36"/></dropdown></slider><slider tutar="18500"><dropdown vade="3" faiz="1,20"><result taksit="6.345,11" toplam="19.035,33"/></dropdown><dropdown vade="6" faiz="1,20"><result taksit="3.240,58" toplam="19.443,48"/></dropdown><dropdown vade="9" faiz="1,20"><result taksit="2.206,38" toplam="19.857,42"/></dropdown><dropdown vade="12" faiz="1,20"><result taksit="1.689,75" toplam="20.277,00"/></dropdown><dropdown vade="18" faiz="1,20"><result taksit="1.174,07" toplam="21.133,26"/></dropdown><dropdown vade="24" faiz="1,20"><result taksit="917,17" toplam="22.012,08"/></dropdown><dropdown vade="30" faiz="1,20"><result taksit="763,79" toplam="22.913,70"/></dropdown><dropdown vade="36" faiz="1,20"><result taksit="662,16" toplam="23.837,76"/></dropdown></slider><slider tutar="19000"><dropdown vade="3" faiz="1,20"><result taksit="6.516,60" toplam="19.549,80"/></dropdown><dropdown vade="6" faiz="1,20"><result taksit="3.328,17" toplam="19.969,02"/></dropdown><dropdown vade="9" faiz="1,20"><result taksit="2.266,01" toplam="20.394,09"/></dropdown><dropdown vade="12" faiz="1,20"><result taksit="1.735,42" toplam="20.825,04"/></dropdown><dropdown vade="18" faiz="1,20"><result taksit="1.205,80" toplam="21.704,40"/></dropdown><dropdown vade="24" faiz="1,20"><result taksit="941,96" toplam="22.607,04"/></dropdown><dropdown vade="30" faiz="1,20"><result taksit="784,43" toplam="23.532,90"/></dropdown><dropdown vade="36" faiz="1,20"><result taksit="680,05" toplam="24.481,80"/></dropdown></slider><slider tutar="19500"><dropdown vade="3" faiz="1,20"><result taksit="6.688,09" toplam="20.064,27"/></dropdown><dropdown vade="6" faiz="1,20"><result taksit="3.415,75" toplam="20.494,50"/></dropdown><dropdown vade="9" faiz="1,20"><result taksit="2.325,64" toplam="20.930,76"/></dropdown><dropdown vade="12" faiz="1,20"><result taksit="1.781,08" toplam="21.372,96"/></dropdown><dropdown vade="18" faiz="1,20"><result taksit="1.237,53" toplam="22.275,54"/></dropdown><dropdown vade="24" faiz="1,20"><result taksit="966,75" toplam="23.202,00"/></dropdown><dropdown vade="30" faiz="1,20"><result taksit="805,07" toplam="24.152,10"/></dropdown><dropdown vade="36" faiz="1,20"><result taksit="697,95" toplam="25.126,20"/></dropdown></slider><slider tutar="20000"><dropdown vade="3" faiz="1,20"><result taksit="6.859,58" toplam="20.578,74"/></dropdown><dropdown vade="6" faiz="1,20"><result taksit="3.503,33" toplam="21.019,98"/></dropdown><dropdown vade="9" faiz="1,20"><result taksit="2.385,27" toplam="21.467,43"/></dropdown><dropdown vade="12" faiz="1,20"><result taksit="1.826,75" toplam="21.921,00"/></dropdown><dropdown vade="18" faiz="1,20"><result taksit="1.269,26" toplam="22.846,68"/></dropdown><dropdown vade="24" faiz="1,20"><result taksit="991,54" toplam="23.796,96"/></dropdown><dropdown vade="30" faiz="1,20"><result taksit="825,72" toplam="24.771,60"/></dropdown><dropdown vade="36" faiz="1,20"><result taksit="715,84" toplam="25.770,24"/></dropdown></slider><slider tutar="20500"><dropdown vade="3" faiz="1,20"><result taksit="7.031,07" toplam="21.093,21"/></dropdown><dropdown vade="6" faiz="1,20"><result taksit="3.590,92" toplam="21.545,52"/></dropdown><dropdown vade="9" faiz="1,20"><result taksit="2.444,90" toplam="22.004,10"/></dropdown><dropdown vade="12" faiz="1,20"><result taksit="1.872,42" toplam="22.469,04"/></dropdown><dropdown vade="18" faiz="1,20"><result taksit="1.300,99" toplam="23.417,82"/></dropdown><dropdown vade="24" faiz="1,20"><result taksit="1.016,33" toplam="24.391,92"/></dropdown><dropdown vade="30" faiz="1,20"><result taksit="846,36" toplam="25.390,80"/></dropdown><dropdown vade="36" faiz="1,20"><result taksit="733,74" toplam="26.414,64"/></dropdown></slider><slider tutar="21000"><dropdown vade="3" faiz="1,20"><result taksit="7.202,56" toplam="21.607,68"/></dropdown><dropdown vade="6" faiz="1,20"><result taksit="3.678,50" toplam="22.071,00"/></dropdown><dropdown vade="9" faiz="1,20"><result taksit="2.504,54" toplam="22.540,86"/></dropdown><dropdown vade="12" faiz="1,20"><result taksit="1.918,09" toplam="23.017,08"/></dropdown><dropdown vade="18" faiz="1,20"><result taksit="1.332,72" toplam="23.988,96"/></dropdown><dropdown vade="24" faiz="1,20"><result taksit="1.041,12" toplam="24.986,88"/></dropdown><dropdown vade="30" faiz="1,20"><result taksit="867,00" toplam="26.010,00"/></dropdown><dropdown vade="36" faiz="1,20"><result taksit="751,64" toplam="27.059,04"/></dropdown></slider><slider tutar="21500"><dropdown vade="3" faiz="1,20"><result taksit="7.374,05" toplam="22.122,15"/></dropdown><dropdown vade="6" faiz="1,20"><result taksit="3.766,08" toplam="22.596,48"/></dropdown><dropdown vade="9" faiz="1,20"><result taksit="2.564,17" toplam="23.077,53"/></dropdown><dropdown vade="12" faiz="1,20"><result taksit="1.963,76" toplam="23.565,12"/></dropdown><dropdown vade="18" faiz="1,20"><result taksit="1.364,46" toplam="24.560,28"/></dropdown><dropdown vade="24" faiz="1,20"><result taksit="1.065,90" toplam="25.581,60"/></dropdown><dropdown vade="30" faiz="1,20"><result taksit="887,65" toplam="26.629,50"/></dropdown><dropdown vade="36" faiz="1,20"><result taksit="769,53" toplam="27.703,08"/></dropdown></slider><slider tutar="22000"><dropdown vade="3" faiz="1,20"><result taksit="7.545,54" toplam="22.636,62"/></dropdown><dropdown vade="6" faiz="1,20"><result taksit="3.853,67" toplam="23.122,02"/></dropdown><dropdown vade="9" faiz="1,20"><result taksit="2.623,80" toplam="23.614,20"/></dropdown><dropdown vade="12" faiz="1,20"><result taksit="2.009,43" toplam="24.113,16"/></dropdown><dropdown vade="18" faiz="1,20"><result taksit="1.396,19" toplam="25.131,42"/></dropdown><dropdown vade="24" faiz="1,20"><result taksit="1.090,69" toplam="26.176,56"/></dropdown><dropdown vade="30" faiz="1,20"><result taksit="908,29" toplam="27.248,70"/></dropdown><dropdown vade="36" faiz="1,20"><result taksit="787,43" toplam="28.347,48"/></dropdown></slider><slider tutar="22500"><dropdown vade="3" faiz="1,20"><result taksit="7.717,03" toplam="23.151,09"/></dropdown><dropdown vade="6" faiz="1,20"><result taksit="3.941,25" toplam="23.647,50"/></dropdown><dropdown vade="9" faiz="1,20"><result taksit="2.683,43" toplam="24.150,87"/></dropdown><dropdown vade="12" faiz="1,20"><result taksit="2.055,10" toplam="24.661,20"/></dropdown><dropdown vade="18" faiz="1,20"><result taksit="1.427,92" toplam="25.702,56"/></dropdown><dropdown vade="24" faiz="1,20"><result taksit="1.115,48" toplam="26.771,52"/></dropdown><dropdown vade="30" faiz="1,20"><result taksit="928,93" toplam="27.867,90"/></dropdown><dropdown vade="36" faiz="1,20"><result taksit="805,33" toplam="28.991,88"/></dropdown></slider><slider tutar="23000"><dropdown vade="3" faiz="1,20"><result taksit="7.888,52" toplam="23.665,56"/></dropdown><dropdown vade="6" faiz="1,20"><result taksit="4.028,83" toplam="24.172,98"/></dropdown><dropdown vade="9" faiz="1,20"><result taksit="2.743,06" toplam="24.687,54"/></dropdown><dropdown vade="12" faiz="1,20"><result taksit="2.100,77" toplam="25.209,24"/></dropdown><dropdown vade="18" faiz="1,20"><result taksit="1.459,65" toplam="26.273,70"/></dropdown><dropdown vade="24" faiz="1,20"><result taksit="1.140,27" toplam="27.366,48"/></dropdown><dropdown vade="30" faiz="1,20"><result taksit="949,58" toplam="28.487,40"/></dropdown><dropdown vade="36" faiz="1,20"><result taksit="823,22" toplam="29.635,92"/></dropdown></slider><slider tutar="23500"><dropdown vade="3" faiz="1,20"><result taksit="8.060,01" toplam="24.180,03"/></dropdown><dropdown vade="6" faiz="1,20"><result taksit="4.116,42" toplam="24.698,52"/></dropdown><dropdown vade="9" faiz="1,20"><result taksit="2.802,69" toplam="25.224,21"/></dropdown><dropdown vade="12" faiz="1,20"><result taksit="2.146,44" toplam="25.757,28"/></dropdown><dropdown vade="18" faiz="1,20"><result taksit="1.491,38" toplam="26.844,84"/></dropdown><dropdown vade="24" faiz="1,20"><result taksit="1.165,06" toplam="27.961,44"/></dropdown><dropdown vade="30" faiz="1,20"><result taksit="970,22" toplam="29.106,60"/></dropdown><dropdown vade="36" faiz="1,20"><result taksit="841,12" toplam="30.280,32"/></dropdown></slider><slider tutar="24000"><dropdown vade="3" faiz="1,20"><result taksit="8.231,50" toplam="24.694,50"/></dropdown><dropdown vade="6" faiz="1,20"><result taksit="4.204,00" toplam="25.224,00"/></dropdown><dropdown vade="9" faiz="1,20"><result taksit="2.862,33" toplam="25.760,97"/></dropdown><dropdown vade="12" faiz="1,20"><result taksit="2.192,10" toplam="26.305,20"/></dropdown><dropdown vade="18" faiz="1,20"><result taksit="1.523,11" toplam="27.415,98"/></dropdown><dropdown vade="24" faiz="1,20"><result taksit="1.189,85" toplam="28.556,40"/></dropdown><dropdown vade="30" faiz="1,20"><result taksit="990,86" toplam="29.725,80"/></dropdown><dropdown vade="36" faiz="1,20"><result taksit="859,01" toplam="30.924,36"/></dropdown></slider><slider tutar="24500"><dropdown vade="3" faiz="1,20"><result taksit="8.402,99" toplam="25.208,97"/></dropdown><dropdown vade="6" faiz="1,20"><result taksit="4.291,59" toplam="25.749,54"/></dropdown><dropdown vade="9" faiz="1,20"><result taksit="2.921,96" toplam="26.297,64"/></dropdown><dropdown vade="12" faiz="1,20"><result taksit="2.237,77" toplam="26.853,24"/></dropdown><dropdown vade="18" faiz="1,20"><result taksit="1.554,85" toplam="27.987,30"/></dropdown><dropdown vade="24" faiz="1,20"><result taksit="1.214,63" toplam="29.151,12"/></dropdown><dropdown vade="30" faiz="1,20"><result taksit="1.011,50" toplam="30.345,00"/></dropdown><dropdown vade="36" faiz="1,20"><result taksit="876,91" toplam="31.568,76"/></dropdown></slider><slider tutar="25000"><dropdown vade="3" faiz="1,20"><result taksit="8.574,48" toplam="25.723,44"/></dropdown><dropdown vade="6" faiz="1,20"><result taksit="4.379,17" toplam="26.275,02"/></dropdown><dropdown vade="9" faiz="1,20"><result taksit="2.981,59" toplam="26.834,31"/></dropdown><dropdown vade="12" faiz="1,20"><result taksit="2.283,44" toplam="27.401,28"/></dropdown><dropdown vade="18" faiz="1,20"><result taksit="1.586,58" toplam="28.558,44"/></dropdown><dropdown vade="24" faiz="1,20"><result taksit="1.239,42" toplam="29.746,08"/></dropdown><dropdown vade="30" faiz="1,20"><result taksit="1.032,15" toplam="30.964,50"/></dropdown><dropdown vade="36" faiz="1,20"><result taksit="894,81" toplam="32.213,16"/></dropdown></slider><slider tutar="25500"><dropdown vade="3" faiz="1,20"><result taksit="8.745,97" toplam="26.237,91"/></dropdown><dropdown vade="6" faiz="1,20"><result taksit="4.466,75" toplam="26.800,50"/></dropdown><dropdown vade="9" faiz="1,20"><result taksit="3.041,22" toplam="27.370,98"/></dropdown><dropdown vade="12" faiz="1,20"><result taksit="2.329,11" toplam="27.949,32"/></dropdown><dropdown vade="18" faiz="1,20"><result taksit="1.618,31" toplam="29.129,58"/></dropdown><dropdown vade="24" faiz="1,20"><result taksit="1.264,21" toplam="30.341,04"/></dropdown><dropdown vade="30" faiz="1,20"><result taksit="1.052,79" toplam="31.583,70"/></dropdown><dropdown vade="36" faiz="1,20"><result taksit="912,70" toplam="32.857,20"/></dropdown></slider><slider tutar="26000"><dropdown vade="3" faiz="1,20"><result taksit="8.917,46" toplam="26.752,38"/></dropdown><dropdown vade="6" faiz="1,20"><result taksit="4.554,34" toplam="27.326,04"/></dropdown><dropdown vade="9" faiz="1,20"><result taksit="3.100,85" toplam="27.907,65"/></dropdown><dropdown vade="12" faiz="1,20"><result taksit="2.374,78" toplam="28.497,36"/></dropdown><dropdown vade="18" faiz="1,20"><result taksit="1.650,04" toplam="29.700,72"/></dropdown><dropdown vade="24" faiz="1,20"><result taksit="1.289,00" toplam="30.936,00"/></dropdown><dropdown vade="30" faiz="1,20"><result taksit="1.073,43" toplam="32.202,90"/></dropdown><dropdown vade="36" faiz="1,20"><result taksit="930,60" toplam="33.501,60"/></dropdown></slider><slider tutar="26500"><dropdown vade="3" faiz="1,20"><result taksit="9.088,95" toplam="27.266,85"/></dropdown><dropdown vade="6" faiz="1,20"><result taksit="4.641,92" toplam="27.851,52"/></dropdown><dropdown vade="9" faiz="1,20"><result taksit="3.160,48" toplam="28.444,32"/></dropdown><dropdown vade="12" faiz="1,20"><result taksit="2.420,45" toplam="29.045,40"/></dropdown><dropdown vade="18" faiz="1,20"><result taksit="1.681,77" toplam="30.271,86"/></dropdown><dropdown vade="24" faiz="1,20"><result taksit="1.313,79" toplam="31.530,96"/></dropdown><dropdown vade="30" faiz="1,20"><result taksit="1.094,08" toplam="32.822,40"/></dropdown><dropdown vade="36" faiz="1,20"><result taksit="948,49" toplam="34.145,64"/></dropdown></slider><slider tutar="27000"><dropdown vade="3" faiz="1,20"><result taksit="9.260,44" toplam="27.781,32"/></dropdown><dropdown vade="6" faiz="1,20"><result taksit="4.729,50" toplam="28.377,00"/></dropdown><dropdown vade="9" faiz="1,20"><result taksit="3.220,12" toplam="28.981,08"/></dropdown><dropdown vade="12" faiz="1,20"><result taksit="2.466,12" toplam="29.593,44"/></dropdown><dropdown vade="18" faiz="1,20"><result taksit="1.713,50" toplam="30.843,00"/></dropdown><dropdown vade="24" faiz="1,20"><result taksit="1.338,58" toplam="32.125,92"/></dropdown><dropdown vade="30" faiz="1,20"><result taksit="1.114,72" toplam="33.441,60"/></dropdown><dropdown vade="36" faiz="1,20"><result taksit="966,39" toplam="34.790,04"/></dropdown></slider><slider tutar="27500"><dropdown vade="3" faiz="1,20"><result taksit="9.431,92" toplam="28.295,76"/></dropdown><dropdown vade="6" faiz="1,20"><result taksit="4.817,09" toplam="28.902,54"/></dropdown><dropdown vade="9" faiz="1,20"><result taksit="3.279,75" toplam="29.517,75"/></dropdown><dropdown vade="12" faiz="1,20"><result taksit="2.511,79" toplam="30.141,48"/></dropdown><dropdown vade="18" faiz="1,20"><result taksit="1.745,23" toplam="31.414,14"/></dropdown><dropdown vade="24" faiz="1,20"><result taksit="1.363,36" toplam="32.720,64"/></dropdown><dropdown vade="30" faiz="1,20"><result taksit="1.135,36" toplam="34.060,80"/></dropdown><dropdown vade="36" faiz="1,20"><result taksit="984,29" toplam="35.434,44"/></dropdown></slider><slider tutar="28000"><dropdown vade="3" faiz="1,20"><result taksit="9.603,41" toplam="28.810,23"/></dropdown><dropdown vade="6" faiz="1,20"><result taksit="4.904,67" toplam="29.428,02"/></dropdown><dropdown vade="9" faiz="1,20"><result taksit="3.339,38" toplam="30.054,42"/></dropdown><dropdown vade="12" faiz="1,20"><result taksit="2.557,46" toplam="30.689,52"/></dropdown><dropdown vade="18" faiz="1,20"><result taksit="1.776,97" toplam="31.985,46"/></dropdown><dropdown vade="24" faiz="1,20"><result taksit="1.388,15" toplam="33.315,60"/></dropdown><dropdown vade="30" faiz="1,20"><result taksit="1.156,01" toplam="34.680,30"/></dropdown><dropdown vade="36" faiz="1,20"><result taksit="1.002,18" toplam="36.078,48"/></dropdown></slider><slider tutar="28500"><dropdown vade="3" faiz="1,20"><result taksit="9.774,90" toplam="29.324,70"/></dropdown><dropdown vade="6" faiz="1,20"><result taksit="4.992,25" toplam="29.953,50"/></dropdown><dropdown vade="9" faiz="1,20"><result taksit="3.399,01" toplam="30.591,09"/></dropdown><dropdown vade="12" faiz="1,20"><result taksit="2.603,12" toplam="31.237,44"/></dropdown><dropdown vade="18" faiz="1,20"><result taksit="1.808,70" toplam="32.556,60"/></dropdown><dropdown vade="24" faiz="1,20"><result taksit="1.412,94" toplam="33.910,56"/></dropdown><dropdown vade="30" faiz="1,20"><result taksit="1.176,65" toplam="35.299,50"/></dropdown><dropdown vade="36" faiz="1,20"><result taksit="1.020,08" toplam="36.722,88"/></dropdown></slider><slider tutar="29000"><dropdown vade="3" faiz="1,20"><result taksit="9.946,39" toplam="29.839,17"/></dropdown><dropdown vade="6" faiz="1,20"><result taksit="5.079,84" toplam="30.479,04"/></dropdown><dropdown vade="9" faiz="1,20"><result taksit="3.458,64" toplam="31.127,76"/></dropdown><dropdown vade="12" faiz="1,20"><result taksit="2.648,79" toplam="31.785,48"/></dropdown><dropdown vade="18" faiz="1,20"><result taksit="1.840,43" toplam="33.127,74"/></dropdown><dropdown vade="24" faiz="1,20"><result taksit="1.437,73" toplam="34.505,52"/></dropdown><dropdown vade="30" faiz="1,20"><result taksit="1.197,29" toplam="35.918,70"/></dropdown><dropdown vade="36" faiz="1,20"><result taksit="1.037,97" toplam="37.366,92"/></dropdown></slider><slider tutar="29500"><dropdown vade="3" faiz="1,20"><result taksit="10.117,88" toplam="30.353,64"/></dropdown><dropdown vade="6" faiz="1,20"><result taksit="5.167,42" toplam="31.004,52"/></dropdown><dropdown vade="9" faiz="1,20"><result taksit="3.518,28" toplam="31.664,52"/></dropdown><dropdown vade="12" faiz="1,20"><result taksit="2.694,46" toplam="32.333,52"/></dropdown><dropdown vade="18" faiz="1,20"><result taksit="1.872,16" toplam="33.698,88"/></dropdown><dropdown vade="24" faiz="1,20"><result taksit="1.462,52" toplam="35.100,48"/></dropdown><dropdown vade="30" faiz="1,20"><result taksit="1.217,93" toplam="36.537,90"/></dropdown><dropdown vade="36" faiz="1,20"><result taksit="1.055,87" toplam="38.011,32"/></dropdown></slider><slider tutar="30000"><dropdown vade="3" faiz="1,20"><result taksit="10.289,37" toplam="30.868,11"/></dropdown><dropdown vade="6" faiz="1,20"><result taksit="5.255,00" toplam="31.530,00"/></dropdown><dropdown vade="9" faiz="1,20"><result taksit="3.577,91" toplam="32.201,19"/></dropdown><dropdown vade="12" faiz="1,20"><result taksit="2.740,13" toplam="32.881,56"/></dropdown><dropdown vade="18" faiz="1,20"><result taksit="1.903,89" toplam="34.270,02"/></dropdown><dropdown vade="24" faiz="1,20"><result taksit="1.487,31" toplam="35.695,44"/></dropdown><dropdown vade="30" faiz="1,20"><result taksit="1.238,58" toplam="37.157,40"/></dropdown><dropdown vade="36" faiz="1,20"><result taksit="1.073,77" toplam="38.655,72"/></dropdown></slider><slider tutar="30500"><dropdown vade="3" faiz="1,20"><result taksit="10.460,86" toplam="31.382,58"/></dropdown><dropdown vade="6" faiz="1,20"><result taksit="5.342,59" toplam="32.055,54"/></dropdown><dropdown vade="9" faiz="1,20"><result taksit="3.637,54" toplam="32.737,86"/></dropdown><dropdown vade="12" faiz="1,20"><result taksit="2.785,80" toplam="33.429,60"/></dropdown><dropdown vade="18" faiz="1,20"><result taksit="1.935,62" toplam="34.841,16"/></dropdown><dropdown vade="24" faiz="1,20"><result taksit="1.512,10" toplam="36.290,40"/></dropdown><dropdown vade="30" faiz="1,20"><result taksit="1.259,22" toplam="37.776,60"/></dropdown><dropdown vade="36" faiz="1,20"><result taksit="1.091,66" toplam="39.299,76"/></dropdown></slider><slider tutar="31000"><dropdown vade="3" faiz="1,20"><result taksit="10.632,35" toplam="31.897,05"/></dropdown><dropdown vade="6" faiz="1,20"><result taksit="5.430,17" toplam="32.581,02"/></dropdown><dropdown vade="9" faiz="1,20"><result taksit="3.697,17" toplam="33.274,53"/></dropdown><dropdown vade="12" faiz="1,20"><result taksit="2.831,47" toplam="33.977,64"/></dropdown><dropdown vade="18" faiz="1,20"><result taksit="1.967,36" toplam="35.412,48"/></dropdown><dropdown vade="24" faiz="1,20"><result taksit="1.536,88" toplam="36.885,12"/></dropdown><dropdown vade="30" faiz="1,20"><result taksit="1.279,86" toplam="38.395,80"/></dropdown><dropdown vade="36" faiz="1,20"><result taksit="1.109,56" toplam="39.944,16"/></dropdown></slider><slider tutar="31500"><dropdown vade="3" faiz="1,20"><result taksit="10.803,84" toplam="32.411,52"/></dropdown><dropdown vade="6" faiz="1,20"><result taksit="5.517,75" toplam="33.106,50"/></dropdown><dropdown vade="9" faiz="1,20"><result taksit="3.756,80" toplam="33.811,20"/></dropdown><dropdown vade="12" faiz="1,20"><result taksit="2.877,14" toplam="34.525,68"/></dropdown><dropdown vade="18" faiz="1,20"><result taksit="1.999,09" toplam="35.983,62"/></dropdown><dropdown vade="24" faiz="1,20"><result taksit="1.561,67" toplam="37.480,08"/></dropdown><dropdown vade="30" faiz="1,20"><result taksit="1.300,51" toplam="39.015,30"/></dropdown><dropdown vade="36" faiz="1,20"><result taksit="1.127,46" toplam="40.588,56"/></dropdown></slider><slider tutar="32000"><dropdown vade="3" faiz="1,20"><result taksit="10.975,33" toplam="32.925,99"/></dropdown><dropdown vade="6" faiz="1,20"><result taksit="5.605,34" toplam="33.632,04"/></dropdown><dropdown vade="9" faiz="1,20"><result taksit="3.816,43" toplam="34.347,87"/></dropdown><dropdown vade="12" faiz="1,20"><result taksit="2.922,81" toplam="35.073,72"/></dropdown><dropdown vade="18" faiz="1,20"><result taksit="2.030,82" toplam="36.554,76"/></dropdown><dropdown vade="24" faiz="1,20"><result taksit="1.586,46" toplam="38.075,04"/></dropdown><dropdown vade="30" faiz="1,20"><result taksit="1.321,15" toplam="39.634,50"/></dropdown><dropdown vade="36" faiz="1,20"><result taksit="1.145,35" toplam="41.232,60"/></dropdown></slider><slider tutar="32500"><dropdown vade="3" faiz="1,20"><result taksit="11.146,82" toplam="33.440,46"/></dropdown><dropdown vade="6" faiz="1,20"><result taksit="5.692,92" toplam="34.157,52"/></dropdown><dropdown vade="9" faiz="1,20"><result taksit="3.876,07" toplam="34.884,63"/></dropdown><dropdown vade="12" faiz="1,20"><result taksit="2.968,47" toplam="35.621,64"/></dropdown><dropdown vade="18" faiz="1,20"><result taksit="2.062,55" toplam="37.125,90"/></dropdown><dropdown vade="24" faiz="1,20"><result taksit="1.611,25" toplam="38.670,00"/></dropdown><dropdown vade="30" faiz="1,20"><result taksit="1.341,79" toplam="40.253,70"/></dropdown><dropdown vade="36" faiz="1,20"><result taksit="1.163,25" toplam="41.877,00"/></dropdown></slider><slider tutar="33000"><dropdown vade="3" faiz="1,20"><result taksit="11.318,31" toplam="33.954,93"/></dropdown><dropdown vade="6" faiz="1,20"><result taksit="5.780,50" toplam="34.683,00"/></dropdown><dropdown vade="9" faiz="1,20"><result taksit="3.935,70" toplam="35.421,30"/></dropdown><dropdown vade="12" faiz="1,20"><result taksit="3.014,14" toplam="36.169,68"/></dropdown><dropdown vade="18" faiz="1,20"><result taksit="2.094,28" toplam="37.697,04"/></dropdown><dropdown vade="24" faiz="1,20"><result taksit="1.636,04" toplam="39.264,96"/></dropdown><dropdown vade="30" faiz="1,20"><result taksit="1.362,43" toplam="40.872,90"/></dropdown><dropdown vade="36" faiz="1,20"><result taksit="1.181,14" toplam="42.521,04"/></dropdown></slider><slider tutar="33500"><dropdown vade="3" faiz="1,20"><result taksit="11.489,80" toplam="34.469,40"/></dropdown><dropdown vade="6" faiz="1,20"><result taksit="5.868,09" toplam="35.208,54"/></dropdown><dropdown vade="9" faiz="1,20"><result taksit="3.995,33" toplam="35.957,97"/></dropdown><dropdown vade="12" faiz="1,20"><result taksit="3.059,81" toplam="36.717,72"/></dropdown><dropdown vade="18" faiz="1,20"><result taksit="2.126,01" toplam="38.268,18"/></dropdown><dropdown vade="24" faiz="1,20"><result taksit="1.660,83" toplam="39.859,92"/></dropdown><dropdown vade="30" faiz="1,20"><result taksit="1.383,08" toplam="41.492,40"/></dropdown><dropdown vade="36" faiz="1,20"><result taksit="1.199,04" toplam="43.165,44"/></dropdown></slider><slider tutar="34000"><dropdown vade="3" faiz="1,20"><result taksit="11.661,29" toplam="34.983,87"/></dropdown><dropdown vade="6" faiz="1,20"><result taksit="5.955,67" toplam="35.734,02"/></dropdown><dropdown vade="9" faiz="1,20"><result taksit="4.054,96" toplam="36.494,64"/></dropdown><dropdown vade="12" faiz="1,20"><result taksit="3.105,48" toplam="37.265,76"/></dropdown><dropdown vade="18" faiz="1,20"><result taksit="2.157,74" toplam="38.839,32"/></dropdown><dropdown vade="24" faiz="1,20"><result taksit="1.685,61" toplam="40.454,64"/></dropdown><dropdown vade="30" faiz="1,20"><result taksit="1.403,72" toplam="42.111,60"/></dropdown><dropdown vade="36" faiz="1,20"><result taksit="1.216,94" toplam="43.809,84"/></dropdown></slider><slider tutar="34500"><dropdown vade="3" faiz="1,20"><result taksit="11.832,78" toplam="35.498,34"/></dropdown><dropdown vade="6" faiz="1,20"><result taksit="6.043,25" toplam="36.259,50"/></dropdown><dropdown vade="9" faiz="1,20"><result taksit="4.114,59" toplam="37.031,31"/></dropdown><dropdown vade="12" faiz="1,20"><result taksit="3.151,15" toplam="37.813,80"/></dropdown><dropdown vade="18" faiz="1,20"><result taksit="2.189,48" toplam="39.410,64"/></dropdown><dropdown vade="24" faiz="1,20"><result taksit="1.710,40" toplam="41.049,60"/></dropdown><dropdown vade="30" faiz="1,20"><result taksit="1.424,36" toplam="42.730,80"/></dropdown><dropdown vade="36" faiz="1,20"><result taksit="1.234,83" toplam="44.453,88"/></dropdown></slider><slider tutar="35000"><dropdown vade="3" faiz="1,20"><result taksit="12.004,27" toplam="36.012,81"/></dropdown><dropdown vade="6" faiz="1,20"><result taksit="6.130,84" toplam="36.785,04"/></dropdown><dropdown vade="9" faiz="1,20"><result taksit="4.174,23" toplam="37.568,07"/></dropdown><dropdown vade="12" faiz="1,20"><result taksit="3.196,82" toplam="38.361,84"/></dropdown><dropdown vade="18" faiz="1,20"><result taksit="2.221,21" toplam="39.981,78"/></dropdown><dropdown vade="24" faiz="1,20"><result taksit="1.735,19" toplam="41.644,56"/></dropdown><dropdown vade="30" faiz="1,20"><result taksit="1.445,01" toplam="43.350,30"/></dropdown><dropdown vade="36" faiz="1,20"><result taksit="1.252,73" toplam="45.098,28"/></dropdown></slider><slider tutar="35500"><dropdown vade="3" faiz="1,20"><result taksit="12.175,76" toplam="36.527,28"/></dropdown><dropdown vade="6" faiz="1,20"><result taksit="6.218,42" toplam="37.310,52"/></dropdown><dropdown vade="9" faiz="1,20"><result taksit="4.233,86" toplam="38.104,74"/></dropdown><dropdown vade="12" faiz="1,20"><result taksit="3.242,49" toplam="38.909,88"/></dropdown><dropdown vade="18" faiz="1,20"><result taksit="2.252,94" toplam="40.552,92"/></dropdown><dropdown vade="24" faiz="1,20"><result taksit="1.759,98" toplam="42.239,52"/></dropdown><dropdown vade="30" faiz="1,20"><result taksit="1.465,65" toplam="43.969,50"/></dropdown><dropdown vade="36" faiz="1,20"><result taksit="1.270,62" toplam="45.742,32"/></dropdown></slider><slider tutar="36000"><dropdown vade="3" faiz="1,20"><result taksit="12.347,25" toplam="37.041,75"/></dropdown><dropdown vade="6" faiz="1,20"><result taksit="6.306,00" toplam="37.836,00"/></dropdown><dropdown vade="9" faiz="1,20"><result taksit="4.293,49" toplam="38.641,41"/></dropdown><dropdown vade="12" faiz="1,20"><result taksit="3.288,16" toplam="39.457,92"/></dropdown><dropdown vade="18" faiz="1,20"><result taksit="2.284,67" toplam="41.124,06"/></dropdown><dropdown vade="24" faiz="1,20"><result taksit="1.784,77" toplam="42.834,48"/></dropdown><dropdown vade="30" faiz="1,20"><result taksit="1.486,29" toplam="44.588,70"/></dropdown><dropdown vade="36" faiz="1,20"><result taksit="1.288,52" toplam="46.386,72"/></dropdown></slider><slider tutar="36500"><dropdown vade="3" faiz="1,20"><result taksit="12.518,74" toplam="37.556,22"/></dropdown><dropdown vade="6" faiz="1,20"><result taksit="6.393,59" toplam="38.361,54"/></dropdown><dropdown vade="9" faiz="1,20"><result taksit="4.353,12" toplam="39.178,08"/></dropdown><dropdown vade="12" faiz="1,20"><result taksit="3.333,83" toplam="40.005,96"/></dropdown><dropdown vade="18" faiz="1,20"><result taksit="2.316,40" toplam="41.695,20"/></dropdown><dropdown vade="24" faiz="1,20"><result taksit="1.809,56" toplam="43.429,44"/></dropdown><dropdown vade="30" faiz="1,20"><result taksit="1.506,94" toplam="45.208,20"/></dropdown><dropdown vade="36" faiz="1,20"><result taksit="1.306,42" toplam="47.031,12"/></dropdown></slider><slider tutar="37000"><dropdown vade="3" faiz="1,20"><result taksit="12.690,23" toplam="38.070,69"/></dropdown><dropdown vade="6" faiz="1,20"><result taksit="6.481,17" toplam="38.887,02"/></dropdown><dropdown vade="9" faiz="1,20"><result taksit="4.412,75" toplam="39.714,75"/></dropdown><dropdown vade="12" faiz="1,20"><result taksit="3.379,49" toplam="40.553,88"/></dropdown><dropdown vade="18" faiz="1,20"><result taksit="2.348,13" toplam="42.266,34"/></dropdown><dropdown vade="24" faiz="1,20"><result taksit="1.834,35" toplam="44.024,40"/></dropdown><dropdown vade="30" faiz="1,20"><result taksit="1.527,58" toplam="45.827,40"/></dropdown><dropdown vade="36" faiz="1,20"><result taksit="1.324,31" toplam="47.675,16"/></dropdown></slider><slider tutar="37500"><dropdown vade="3" faiz="1,20"><result taksit="12.861,72" toplam="38.585,16"/></dropdown><dropdown vade="6" faiz="1,20"><result taksit="6.568,75" toplam="39.412,50"/></dropdown><dropdown vade="9" faiz="1,20"><result taksit="4.472,38" toplam="40.251,42"/></dropdown><dropdown vade="12" faiz="1,20"><result taksit="3.425,16" toplam="41.101,92"/></dropdown><dropdown vade="18" faiz="1,20"><result taksit="2.379,87" toplam="42.837,66"/></dropdown><dropdown vade="24" faiz="1,20"><result taksit="1.859,13" toplam="44.619,12"/></dropdown><dropdown vade="30" faiz="1,20"><result taksit="1.548,22" toplam="46.446,60"/></dropdown><dropdown vade="36" faiz="1,20"><result taksit="1.342,21" toplam="48.319,56"/></dropdown></slider><slider tutar="38000"><dropdown vade="3" faiz="1,20"><result taksit="13.033,21" toplam="39.099,63"/></dropdown><dropdown vade="6" faiz="1,20"><result taksit="6.656,34" toplam="39.938,04"/></dropdown><dropdown vade="9" faiz="1,20"><result taksit="4.532,02" toplam="40.788,18"/></dropdown><dropdown vade="12" faiz="1,20"><result taksit="3.470,83" toplam="41.649,96"/></dropdown><dropdown vade="18" faiz="1,20"><result taksit="2.411,60" toplam="43.408,80"/></dropdown><dropdown vade="24" faiz="1,20"><result taksit="1.883,92" toplam="45.214,08"/></dropdown><dropdown vade="30" faiz="1,20"><result taksit="1.568,86" toplam="47.065,80"/></dropdown><dropdown vade="36" faiz="1,20"><result taksit="1.360,10" toplam="48.963,60"/></dropdown></slider><slider tutar="38500"><dropdown vade="3" faiz="1,20"><result taksit="13.204,69" toplam="39.614,07"/></dropdown><dropdown vade="6" faiz="1,20"><result taksit="6.743,92" toplam="40.463,52"/></dropdown><dropdown vade="9" faiz="1,20"><result taksit="4.591,65" toplam="41.324,85"/></dropdown><dropdown vade="12" faiz="1,20"><result taksit="3.516,50" toplam="42.198,00"/></dropdown><dropdown vade="18" faiz="1,20"><result taksit="2.443,33" toplam="43.979,94"/></dropdown><dropdown vade="24" faiz="1,20"><result taksit="1.908,71" toplam="45.809,04"/></dropdown><dropdown vade="30" faiz="1,20"><result taksit="1.589,51" toplam="47.685,30"/></dropdown><dropdown vade="36" faiz="1,20"><result taksit="1.378,00" toplam="49.608,00"/></dropdown></slider><slider tutar="39000"><dropdown vade="3" faiz="1,20"><result taksit="13.376,18" toplam="40.128,54"/></dropdown><dropdown vade="6" faiz="1,20"><result taksit="6.831,50" toplam="40.989,00"/></dropdown><dropdown vade="9" faiz="1,20"><result taksit="4.651,28" toplam="41.861,52"/></dropdown><dropdown vade="12" faiz="1,20"><result taksit="3.562,17" toplam="42.746,04"/></dropdown><dropdown vade="18" faiz="1,20"><result taksit="2.475,06" toplam="44.551,08"/></dropdown><dropdown vade="24" faiz="1,20"><result taksit="1.933,50" toplam="46.404,00"/></dropdown><dropdown vade="30" faiz="1,20"><result taksit="1.610,15" toplam="48.304,50"/></dropdown><dropdown vade="36" faiz="1,20"><result taksit="1.395,90" toplam="50.252,40"/></dropdown></slider><slider tutar="39500"><dropdown vade="3" faiz="1,20"><result taksit="13.547,67" toplam="40.643,01"/></dropdown><dropdown vade="6" faiz="1,20"><result taksit="6.919,09" toplam="41.514,54"/></dropdown><dropdown vade="9" faiz="1,20"><result taksit="4.710,91" toplam="42.398,19"/></dropdown><dropdown vade="12" faiz="1,20"><result taksit="3.607,84" toplam="43.294,08"/></dropdown><dropdown vade="18" faiz="1,20"><result taksit="2.506,79" toplam="45.122,22"/></dropdown><dropdown vade="24" faiz="1,20"><result taksit="1.958,29" toplam="46.998,96"/></dropdown><dropdown vade="30" faiz="1,20"><result taksit="1.630,79" toplam="48.923,70"/></dropdown><dropdown vade="36" faiz="1,20"><result taksit="1.413,79" toplam="50.896,44"/></dropdown></slider><slider tutar="40000"><dropdown vade="3" faiz="1,20"><result taksit="13.719,16" toplam="41.157,48"/></dropdown><dropdown vade="6" faiz="1,20"><result taksit="7.006,67" toplam="42.040,02"/></dropdown><dropdown vade="9" faiz="1,20"><result taksit="4.770,54" toplam="42.934,86"/></dropdown><dropdown vade="12" faiz="1,20"><result taksit="3.653,51" toplam="43.842,12"/></dropdown><dropdown vade="18" faiz="1,20"><result taksit="2.538,52" toplam="45.693,36"/></dropdown><dropdown vade="24" faiz="1,20"><result taksit="1.983,08" toplam="47.593,92"/></dropdown><dropdown vade="30" faiz="1,20"><result taksit="1.651,44" toplam="49.543,20"/></dropdown><dropdown vade="36" faiz="1,20"><result taksit="1.431,69" toplam="51.540,84"/></dropdown></slider><slider tutar="40500"><dropdown vade="3" faiz="1,20"><result taksit="13.890,65" toplam="41.671,95"/></dropdown><dropdown vade="6" faiz="1,20"><result taksit="7.094,25" toplam="42.565,50"/></dropdown><dropdown vade="9" faiz="1,20"><result taksit="4.830,17" toplam="43.471,53"/></dropdown><dropdown vade="12" faiz="1,20"><result taksit="3.699,18" toplam="44.390,16"/></dropdown><dropdown vade="18" faiz="1,20"><result taksit="2.570,25" toplam="46.264,50"/></dropdown><dropdown vade="24" faiz="1,20"><result taksit="2.007,86" toplam="48.188,64"/></dropdown><dropdown vade="30" faiz="1,20"><result taksit="1.672,08" toplam="50.162,40"/></dropdown><dropdown vade="36" faiz="1,20"><result taksit="1.449,59" toplam="52.185,24"/></dropdown></slider><slider tutar="41000"><dropdown vade="3" faiz="1,20"><result taksit="14.062,14" toplam="42.186,42"/></dropdown><dropdown vade="6" faiz="1,20"><result taksit="7.181,84" toplam="43.091,04"/></dropdown><dropdown vade="9" faiz="1,20"><result taksit="4.889,81" toplam="44.008,29"/></dropdown><dropdown vade="12" faiz="1,20"><result taksit="3.744,85" toplam="44.938,20"/></dropdown><dropdown vade="18" faiz="1,20"><result taksit="2.601,99" toplam="46.835,82"/></dropdown><dropdown vade="24" faiz="1,20"><result taksit="2.032,65" toplam="48.783,60"/></dropdown><dropdown vade="30" faiz="1,20"><result taksit="1.692,72" toplam="50.781,60"/></dropdown><dropdown vade="36" faiz="1,20"><result taksit="1.467,48" toplam="52.829,28"/></dropdown></slider><slider tutar="41500"><dropdown vade="3" faiz="1,20"><result taksit="14.233,63" toplam="42.700,89"/></dropdown><dropdown vade="6" faiz="1,20"><result taksit="7.269,42" toplam="43.616,52"/></dropdown><dropdown vade="9" faiz="1,20"><result taksit="4.949,44" toplam="44.544,96"/></dropdown><dropdown vade="12" faiz="1,20"><result taksit="3.790,51" toplam="45.486,12"/></dropdown><dropdown vade="18" faiz="1,20"><result taksit="2.633,72" toplam="47.406,96"/></dropdown><dropdown vade="24" faiz="1,20"><result taksit="2.057,44" toplam="49.378,56"/></dropdown><dropdown vade="30" faiz="1,20"><result taksit="1.713,36" toplam="51.400,80"/></dropdown><dropdown vade="36" faiz="1,20"><result taksit="1.485,38" toplam="53.473,68"/></dropdown></slider><slider tutar="42000"><dropdown vade="3" faiz="1,20"><result taksit="14.405,12" toplam="43.215,36"/></dropdown><dropdown vade="6" faiz="1,20"><result taksit="7.357,00" toplam="44.142,00"/></dropdown><dropdown vade="9" faiz="1,20"><result taksit="5.009,07" toplam="45.081,63"/></dropdown><dropdown vade="12" faiz="1,20"><result taksit="3.836,18" toplam="46.034,16"/></dropdown><dropdown vade="18" faiz="1,20"><result taksit="2.665,45" toplam="47.978,10"/></dropdown><dropdown vade="24" faiz="1,20"><result taksit="2.082,23" toplam="49.973,52"/></dropdown><dropdown vade="30" faiz="1,20"><result taksit="1.734,01" toplam="52.020,30"/></dropdown><dropdown vade="36" faiz="1,20"><result taksit="1.503,27" toplam="54.117,72"/></dropdown></slider><slider tutar="42500"><dropdown vade="3" faiz="1,20"><result taksit="14.576,61" toplam="43.729,83"/></dropdown><dropdown vade="6" faiz="1,20"><result taksit="7.444,59" toplam="44.667,54"/></dropdown><dropdown vade="9" faiz="1,20"><result taksit="5.068,70" toplam="45.618,30"/></dropdown><dropdown vade="12" faiz="1,20"><result taksit="3.881,85" toplam="46.582,20"/></dropdown><dropdown vade="18" faiz="1,20"><result taksit="2.697,18" toplam="48.549,24"/></dropdown><dropdown vade="24" faiz="1,20"><result taksit="2.107,02" toplam="50.568,48"/></dropdown><dropdown vade="30" faiz="1,20"><result taksit="1.754,65" toplam="52.639,50"/></dropdown><dropdown vade="36" faiz="1,20"><result taksit="1.521,17" toplam="54.762,12"/></dropdown></slider><slider tutar="43000"><dropdown vade="3" faiz="1,20"><result taksit="14.748,10" toplam="44.244,30"/></dropdown><dropdown vade="6" faiz="1,20"><result taksit="7.532,17" toplam="45.193,02"/></dropdown><dropdown vade="9" faiz="1,20"><result taksit="5.128,33" toplam="46.154,97"/></dropdown><dropdown vade="12" faiz="1,20"><result taksit="3.927,52" toplam="47.130,24"/></dropdown><dropdown vade="18" faiz="1,20"><result taksit="2.728,91" toplam="49.120,38"/></dropdown><dropdown vade="24" faiz="1,20"><result taksit="2.131,81" toplam="51.163,44"/></dropdown><dropdown vade="30" faiz="1,20"><result taksit="1.775,29" toplam="53.258,70"/></dropdown><dropdown vade="36" faiz="1,20"><result taksit="1.539,07" toplam="55.406,52"/></dropdown></slider><slider tutar="43500"><dropdown vade="3" faiz="1,20"><result taksit="14.919,59" toplam="44.758,77"/></dropdown><dropdown vade="6" faiz="1,20"><result taksit="7.619,75" toplam="45.718,50"/></dropdown><dropdown vade="9" faiz="1,20"><result taksit="5.187,97" toplam="46.691,73"/></dropdown><dropdown vade="12" faiz="1,20"><result taksit="3.973,19" toplam="47.678,28"/></dropdown><dropdown vade="18" faiz="1,20"><result taksit="2.760,64" toplam="49.691,52"/></dropdown><dropdown vade="24" faiz="1,20"><result taksit="2.156,60" toplam="51.758,40"/></dropdown><dropdown vade="30" faiz="1,20"><result taksit="1.795,94" toplam="53.878,20"/></dropdown><dropdown vade="36" faiz="1,20"><result taksit="1.556,96" toplam="56.050,56"/></dropdown></slider><slider tutar="44000"><dropdown vade="3" faiz="1,20"><result taksit="15.091,08" toplam="45.273,24"/></dropdown><dropdown vade="6" faiz="1,20"><result taksit="7.707,34" toplam="46.244,04"/></dropdown><dropdown vade="9" faiz="1,20"><result taksit="5.247,60" toplam="47.228,40"/></dropdown><dropdown vade="12" faiz="1,20"><result taksit="4.018,86" toplam="48.226,32"/></dropdown><dropdown vade="18" faiz="1,20"><result taksit="2.792,38" toplam="50.262,84"/></dropdown><dropdown vade="24" faiz="1,20"><result taksit="2.181,38" toplam="52.353,12"/></dropdown><dropdown vade="30" faiz="1,20"><result taksit="1.816,58" toplam="54.497,40"/></dropdown><dropdown vade="36" faiz="1,20"><result taksit="1.574,86" toplam="56.694,96"/></dropdown></slider><slider tutar="44500"><dropdown vade="3" faiz="1,20"><result taksit="15.262,57" toplam="45.787,71"/></dropdown><dropdown vade="6" faiz="1,20"><result taksit="7.794,92" toplam="46.769,52"/></dropdown><dropdown vade="9" faiz="1,20"><result taksit="5.307,23" toplam="47.765,07"/></dropdown><dropdown vade="12" faiz="1,20"><result taksit="4.064,53" toplam="48.774,36"/></dropdown><dropdown vade="18" faiz="1,20"><result taksit="2.824,11" toplam="50.833,98"/></dropdown><dropdown vade="24" faiz="1,20"><result taksit="2.206,17" toplam="52.948,08"/></dropdown><dropdown vade="30" faiz="1,20"><result taksit="1.837,22" toplam="55.116,60"/></dropdown><dropdown vade="36" faiz="1,20"><result taksit="1.592,75" toplam="57.339,00"/></dropdown></slider><slider tutar="45000"><dropdown vade="3" faiz="1,20"><result taksit="15.434,06" toplam="46.302,18"/></dropdown><dropdown vade="6" faiz="1,20"><result taksit="7.882,50" toplam="47.295,00"/></dropdown><dropdown vade="9" faiz="1,20"><result taksit="5.366,86" toplam="48.301,74"/></dropdown><dropdown vade="12" faiz="1,20"><result taksit="4.110,20" toplam="49.322,40"/></dropdown><dropdown vade="18" faiz="1,20"><result taksit="2.855,84" toplam="51.405,12"/></dropdown><dropdown vade="24" faiz="1,20"><result taksit="2.230,96" toplam="53.543,04"/></dropdown><dropdown vade="30" faiz="1,20"><result taksit="1.857,87" toplam="55.736,10"/></dropdown><dropdown vade="36" faiz="1,20"><result taksit="1.610,65" toplam="57.983,40"/></dropdown></slider><slider tutar="45500"><dropdown vade="3" faiz="1,20"><result taksit="15.605,55" toplam="46.816,65"/></dropdown><dropdown vade="6" faiz="1,20"><result taksit="7.970,09" toplam="47.820,54"/></dropdown><dropdown vade="9" faiz="1,20"><result taksit="5.426,49" toplam="48.838,41"/></dropdown><dropdown vade="12" faiz="1,20"><result taksit="4.155,86" toplam="49.870,32"/></dropdown><dropdown vade="18" faiz="1,20"><result taksit="2.887,57" toplam="51.976,26"/></dropdown><dropdown vade="24" faiz="1,20"><result taksit="2.255,75" toplam="54.138,00"/></dropdown><dropdown vade="30" faiz="1,20"><result taksit="1.878,51" toplam="56.355,30"/></dropdown><dropdown vade="36" faiz="1,20"><result taksit="1.628,55" toplam="58.627,80"/></dropdown></slider><slider tutar="46000"><dropdown vade="3" faiz="1,20"><result taksit="15.777,04" toplam="47.331,12"/></dropdown><dropdown vade="6" faiz="1,20"><result taksit="8.057,67" toplam="48.346,02"/></dropdown><dropdown vade="9" faiz="1,20"><result taksit="5.486,12" toplam="49.375,08"/></dropdown><dropdown vade="12" faiz="1,20"><result taksit="4.201,53" toplam="50.418,36"/></dropdown><dropdown vade="18" faiz="1,20"><result taksit="2.919,30" toplam="52.547,40"/></dropdown><dropdown vade="24" faiz="1,20"><result taksit="2.280,54" toplam="54.732,96"/></dropdown><dropdown vade="30" faiz="1,20"><result taksit="1.899,15" toplam="56.974,50"/></dropdown><dropdown vade="36" faiz="1,20"><result taksit="1.646,44" toplam="59.271,84"/></dropdown></slider><slider tutar="46500"><dropdown vade="3" faiz="1,20"><result taksit="15.948,53" toplam="47.845,59"/></dropdown><dropdown vade="6" faiz="1,20"><result taksit="8.145,25" toplam="48.871,50"/></dropdown><dropdown vade="9" faiz="1,20"><result taksit="5.545,76" toplam="49.911,84"/></dropdown><dropdown vade="12" faiz="1,20"><result taksit="4.247,20" toplam="50.966,40"/></dropdown><dropdown vade="18" faiz="1,20"><result taksit="2.951,03" toplam="53.118,54"/></dropdown><dropdown vade="24" faiz="1,20"><result taksit="2.305,33" toplam="55.327,92"/></dropdown><dropdown vade="30" faiz="1,20"><result taksit="1.919,79" toplam="57.593,70"/></dropdown><dropdown vade="36" faiz="1,20"><result taksit="1.664,34" toplam="59.916,24"/></dropdown></slider><slider tutar="47000"><dropdown vade="3" faiz="1,20"><result taksit="16.120,02" toplam="48.360,06"/></dropdown><dropdown vade="6" faiz="1,20"><result taksit="8.232,84" toplam="49.397,04"/></dropdown><dropdown vade="9" faiz="1,20"><result taksit="5.605,39" toplam="50.448,51"/></dropdown><dropdown vade="12" faiz="1,20"><result taksit="4.292,87" toplam="51.514,44"/></dropdown><dropdown vade="18" faiz="1,20"><result taksit="2.982,76" toplam="53.689,68"/></dropdown><dropdown vade="24" faiz="1,20"><result taksit="2.330,11" toplam="55.922,64"/></dropdown><dropdown vade="30" faiz="1,20"><result taksit="1.940,44" toplam="58.213,20"/></dropdown><dropdown vade="36" faiz="1,20"><result taksit="1.682,24" toplam="60.560,64"/></dropdown></slider><slider tutar="47500"><dropdown vade="3" faiz="1,20"><result taksit="16.291,51" toplam="48.874,53"/></dropdown><dropdown vade="6" faiz="1,20"><result taksit="8.320,42" toplam="49.922,52"/></dropdown><dropdown vade="9" faiz="1,20"><result taksit="5.665,02" toplam="50.985,18"/></dropdown><dropdown vade="12" faiz="1,20"><result taksit="4.338,54" toplam="52.062,48"/></dropdown><dropdown vade="18" faiz="1,20"><result taksit="3.014,50" toplam="54.261,00"/></dropdown><dropdown vade="24" faiz="1,20"><result taksit="2.354,90" toplam="56.517,60"/></dropdown><dropdown vade="30" faiz="1,20"><result taksit="1.961,08" toplam="58.832,40"/></dropdown><dropdown vade="36" faiz="1,20"><result taksit="1.700,13" toplam="61.204,68"/></dropdown></slider><slider tutar="48000"><dropdown vade="3" faiz="1,20"><result taksit="16.463,00" toplam="49.389,00"/></dropdown><dropdown vade="6" faiz="1,20"><result taksit="8.408,00" toplam="50.448,00"/></dropdown><dropdown vade="9" faiz="1,20"><result taksit="5.724,65" toplam="51.521,85"/></dropdown><dropdown vade="12" faiz="1,20"><result taksit="4.384,21" toplam="52.610,52"/></dropdown><dropdown vade="18" faiz="1,20"><result taksit="3.046,23" toplam="54.832,14"/></dropdown><dropdown vade="24" faiz="1,20"><result taksit="2.379,69" toplam="57.112,56"/></dropdown><dropdown vade="30" faiz="1,20"><result taksit="1.981,72" toplam="59.451,60"/></dropdown><dropdown vade="36" faiz="1,20"><result taksit="1.718,03" toplam="61.849,08"/></dropdown></slider><slider tutar="48500"><dropdown vade="3" faiz="1,20"><result taksit="16.634,49" toplam="49.903,47"/></dropdown><dropdown vade="6" faiz="1,20"><result taksit="8.495,59" toplam="50.973,54"/></dropdown><dropdown vade="9" faiz="1,20"><result taksit="5.784,28" toplam="52.058,52"/></dropdown><dropdown vade="12" faiz="1,20"><result taksit="4.429,88" toplam="53.158,56"/></dropdown><dropdown vade="18" faiz="1,20"><result taksit="3.077,96" toplam="55.403,28"/></dropdown><dropdown vade="24" faiz="1,20"><result taksit="2.404,48" toplam="57.707,52"/></dropdown><dropdown vade="30" faiz="1,20"><result taksit="2.002,37" toplam="60.071,10"/></dropdown><dropdown vade="36" faiz="1,20"><result taksit="1.735,92" toplam="62.493,12"/></dropdown></slider><slider tutar="49000"><dropdown vade="3" faiz="1,20"><result taksit="16.805,98" toplam="50.417,94"/></dropdown><dropdown vade="6" faiz="1,20"><result taksit="8.583,17" toplam="51.499,02"/></dropdown><dropdown vade="9" faiz="1,20"><result taksit="5.843,92" toplam="52.595,28"/></dropdown><dropdown vade="12" faiz="1,20"><result taksit="4.475,55" toplam="53.706,60"/></dropdown><dropdown vade="18" faiz="1,20"><result taksit="3.109,69" toplam="55.974,42"/></dropdown><dropdown vade="24" faiz="1,20"><result taksit="2.429,27" toplam="58.302,48"/></dropdown><dropdown vade="30" faiz="1,20"><result taksit="2.023,01" toplam="60.690,30"/></dropdown><dropdown vade="36" faiz="1,20"><result taksit="1.753,82" toplam="63.137,52"/></dropdown></slider><slider tutar="49500"><dropdown vade="3" faiz="1,20"><result taksit="16.977,46" toplam="50.932,38"/></dropdown><dropdown vade="6" faiz="1,20"><result taksit="8.670,75" toplam="52.024,50"/></dropdown><dropdown vade="9" faiz="1,20"><result taksit="5.903,55" toplam="53.131,95"/></dropdown><dropdown vade="12" faiz="1,20"><result taksit="4.521,22" toplam="54.254,64"/></dropdown><dropdown vade="18" faiz="1,20"><result taksit="3.141,42" toplam="56.545,56"/></dropdown><dropdown vade="24" faiz="1,20"><result taksit="2.454,06" toplam="58.897,44"/></dropdown><dropdown vade="30" faiz="1,20"><result taksit="2.043,65" toplam="61.309,50"/></dropdown><dropdown vade="36" faiz="1,20"><result taksit="1.771,72" toplam="63.781,92"/></dropdown></slider><slider tutar="50000"><dropdown vade="3" faiz="1,20"><result taksit="17.148,95" toplam="51.446,85"/></dropdown><dropdown vade="6" faiz="1,20"><result taksit="8.758,34" toplam="52.550,04"/></dropdown><dropdown vade="9" faiz="1,20"><result taksit="5.963,18" toplam="53.668,62"/></dropdown><dropdown vade="12" faiz="1,20"><result taksit="4.566,88" toplam="54.802,56"/></dropdown><dropdown vade="18" faiz="1,20"><result taksit="3.173,15" toplam="57.116,70"/></dropdown><dropdown vade="24" faiz="1,20"><result taksit="2.478,85" toplam="59.492,40"/></dropdown><dropdown vade="30" faiz="1,20"><result taksit="2.064,29" toplam="61.928,70"/></dropdown><dropdown vade="36" faiz="1,20"><result taksit="1.789,61" toplam="64.425,96"/></dropdown></slider></data>
